day_type,hour,free_flow,slow,congested
weekday,0,0.8849,0.0951,0.02
weekday,1,0.8975,0.0829,0.0195
weekday,2,0.9036,0.0779,0.0185
weekday,3,0.9222,0.0618,0.0159
weekday,4,0.9316,0.0538,0.0146
weekday,5,0.9048,0.0772,0.018
weekday,6,0.8013,0.1677,0.0311
weekday,7,0.6548,0.2842,0.061
weekday,8,0.5506,0.3568,0.0926
weekday,9,0.5257,0.3799,0.0944
weekday,10,0.5221,0.3936,0.0843
weekday,11,0.5054,0.406,0.0886
weekday,12,0.5042,0.4042,0.0916
weekday,13,0.5072,0.3982,0.0946
weekday,14,0.5175,0.3847,0.0978
weekday,15,0.5038,0.3924,0.1038
weekday,16,0.4696,0.4015,0.1289
weekday,17,0.4489,0.3974,0.1537
weekday,18,0.4969,0.3855,0.1176
weekday,19,0.5726,0.3608,0.0665
weekday,20,0.5748,0.3797,0.0456
weekday,21,0.695,0.2758,0.0293
weekday,22,0.7888,0.1877,0.0235
weekday,23,0.8601,0.1185,0.0214
weekend,0,0.8568,0.1215,0.0218
weekend,1,0.8822,0.0976,0.0203
weekend,2,0.8888,0.0906,0.0206
weekend,3,0.8982,0.0825,0.0193
weekend,4,0.912,0.069,0.019
weekend,5,0.9099,0.0708,0.0193
weekend,6,0.9044,0.0768,0.0187
weekend,7,0.8878,0.0915,0.0207
weekend,8,0.8476,0.1283,0.0241
weekend,9,0.7809,0.1886,0.0304
weekend,10,0.7208,0.2401,0.0391
weekend,11,0.6819,0.2726,0.0455
weekend,12,0.664,0.2866,0.0494
weekend,13,0.6879,0.2655,0.0466
weekend,14,0.7192,0.2386,0.0421
weekend,15,0.7385,0.2251,0.0364
weekend,16,0.7443,0.2217,0.034
weekend,17,0.7423,0.2242,0.0335
weekend,18,0.7288,0.2353,0.0359
weekend,19,0.6897,0.2718,0.0385
weekend,20,0.6597,0.3051,0.0351
weekend,21,0.721,0.2491,0.0299
weekend,22,0.7812,0.1927,0.0261
weekend,23,0.8513,0.1268,0.0219
