time_numeric,mean_probes,zero_probe_share,light_share_lt3
0,15.15,0.1333,0.2732
1,10.63,0.1747,0.3371
2,7.41,0.2186,0.4123
3,6.04,0.2648,0.4816
4,5.52,0.2865,0.519
5,5.88,0.2509,0.469
6,10.25,0.1766,0.3442
7,17.31,0.118,0.244
8,22.51,0.0898,0.1923
9,24.16,0.0778,0.1708
10,24.18,0.0751,0.1672
11,24.87,0.0715,0.16
12,26.01,0.068,0.1537
13,26.57,0.0663,0.1491
14,26.82,0.0664,0.1486
15,27.22,0.0651,0.147
16,28.17,0.0623,0.14
17,29.02,0.061,0.1348
18,30.19,0.061,0.1363
19,29.35,0.0641,0.1464
20,26.77,0.0715,0.1604
21,23.58,0.0824,0.1847
22,20.33,0.0959,0.2073
23,16.18,0.1182,0.2468
