time_numeric,always_free_flow,historical_mode,logistic_regression,lightgbm,xgboost,xgboost_unweighted,xgboost_with_sample_size,congested_share,slow_share
0,0.8768,0.8724,0.8445,0.82,0.8084,0.8685,0.8069,0.0205,0.1027
1,0.8931,0.8891,0.866,0.8374,0.8301,0.8899,0.8283,0.0197,0.0871
2,0.8994,0.8952,0.8689,0.8462,0.8387,0.8966,0.8383,0.0191,0.0815
3,0.9153,0.9112,0.8824,0.873,0.8659,0.9137,0.8654,0.0169,0.0678
4,0.926,0.9224,0.886,0.889,0.8815,0.925,0.8825,0.0159,0.0581
5,0.9063,0.9014,0.8577,0.8539,0.857,0.9047,0.8559,0.0184,0.0753
6,0.8309,0.8274,0.7703,0.7497,0.7871,0.8235,0.7887,0.0275,0.1416
7,0.7218,0.736,0.6842,0.6508,0.7094,0.7139,0.7204,0.0494,0.2288
8,0.6359,0.677,0.64,0.5984,0.6644,0.6543,0.6831,0.0729,0.2911
9,0.5991,0.6685,0.6271,0.5973,0.6574,0.6582,0.6737,0.076,0.325
10,0.5792,0.6775,0.6354,0.6105,0.6563,0.6776,0.6745,0.0713,0.3495
11,0.5561,0.677,0.6274,0.6173,0.6592,0.6772,0.677,0.0762,0.3677
12,0.5501,0.6828,0.6219,0.6219,0.6649,0.683,0.6838,0.0795,0.3704
13,0.5591,0.6799,0.6095,0.6243,0.6684,0.6774,0.6831,0.0808,0.3601
14,0.5755,0.6772,0.5933,0.6241,0.6717,0.6747,0.684,0.0818,0.3427
15,0.5712,0.6686,0.5942,0.6205,0.671,0.6633,0.6832,0.0844,0.3443
16,0.5486,0.652,0.5785,0.6008,0.6636,0.6489,0.6787,0.1016,0.3499
17,0.5332,0.6414,0.5901,0.6061,0.6632,0.6352,0.6811,0.1191,0.3477
18,0.5635,0.6671,0.6073,0.6053,0.6675,0.67,0.6812,0.0941,0.3424
19,0.6063,0.7046,0.65,0.623,0.6637,0.706,0.6781,0.0585,0.3353
20,0.5992,0.6961,0.6597,0.6132,0.6405,0.6884,0.6679,0.0426,0.3582
21,0.7024,0.7378,0.6732,0.6336,0.6494,0.7294,0.673,0.0295,0.2681
22,0.7866,0.7895,0.7065,0.7056,0.6948,0.7819,0.7095,0.0242,0.1891
23,0.8576,0.8532,0.7843,0.796,0.7867,0.8503,0.787,0.0215,0.1209
