time_numeric,always_free_flow,historical_mode,xgboost,xgboost_unweighted,congested_share,slow_share
0,0.6989,0.8264,0.8149,0.8379,0.0819,0.2191
1,0.7445,0.8351,0.822,0.8443,0.0672,0.1884
2,0.7821,0.8412,0.8194,0.8444,0.0573,0.1606
3,0.8207,0.8552,0.8329,0.8572,0.0473,0.1321
4,0.8416,0.8678,0.8514,0.8714,0.0428,0.1156
5,0.8114,0.8578,0.8478,0.8655,0.052,0.1366
6,0.7077,0.8121,0.8109,0.8132,0.0864,0.2059
7,0.5935,0.7612,0.7538,0.732,0.1389,0.2675
8,0.5197,0.7367,0.7305,0.7034,0.1819,0.2984
9,0.4902,0.7513,0.7554,0.7397,0.1957,0.3141
10,0.4794,0.7683,0.7804,0.7748,0.1968,0.3238
11,0.4655,0.7732,0.7875,0.7835,0.2061,0.3283
12,0.4577,0.7787,0.7895,0.7878,0.2123,0.33
13,0.4575,0.776,0.7897,0.7833,0.2117,0.3308
14,0.4653,0.7683,0.7811,0.7728,0.2108,0.3239
15,0.4622,0.7619,0.7713,0.7607,0.2122,0.3256
16,0.445,0.7494,0.75,0.7361,0.2304,0.3246
17,0.4316,0.7413,0.7362,0.7155,0.2468,0.3217
18,0.448,0.7579,0.7605,0.7504,0.2237,0.3283
19,0.4791,0.7921,0.7969,0.8005,0.1866,0.3343
20,0.4895,0.8027,0.8046,0.8132,0.1695,0.341
21,0.5474,0.8108,0.8071,0.8241,0.1387,0.3139
22,0.6006,0.816,0.8071,0.8295,0.1159,0.2836
23,0.6665,0.8273,0.8198,0.8415,0.0931,0.2404
